Number,Name,Email
0,Michael,Michael@schmidt-dyer.com
1,Joseph,Joseph@lewis.com
2,Aaron,Aaron@thompson-brown.com
3,Krystal,Krystal@rodriguez.com
4,Danielle,Danielle@schneider.biz
5,Brian,Brian@powers-herrera.org
6,Danny,Danny@henderson-hill.com
7,Stephanie,Stephanie@james.biz
8,Stephanie,Stephanie@heath-carr.net
9,Wendy,Wendy@griffin.com
10,Veronica,Veronica@stein-parsons.org
11,George,George@stewart.com
12,Kelly,Kelly@gaines-franco.com
13,Maria,Maria@holt-stephenson.com
14,Stefanie,Stefanie@humphrey.com
15,Nicole,Nicole@salazar-carey.org
16,Diana,Diana@pierce.biz
17,Steve,Steve@anderson-bowers.com
18,Virginia,Virginia@fuentes.com
19,William,William@cross.org
20,Katrina,Katrina@stone.com
21,Linda,Linda@ballard-hall.com
22,Walter,Walter@shelton.com
23,Vincent,Vincent@medina.com
24,Andrew,Andrew@smith-jones.com
25,Vincent,Vincent@warner-martin.biz
26,Robert,Robert@weeks.com
27,Megan,Megan@sandoval-hart.com
28,Stacey,Stacey@valdez.biz
29,Daniel,Daniel@garcia-gonzalez.org
30,Anthony,Anthony@vaughan.com
31,Lauren,Lauren@curry.com
32,Christine,Christine@wilson.com
33,Lisa,Lisa@clark.com
34,Mary,Mary@bowen.biz
35,Danny,Danny@walsh.com
36,Gregory,Gregory@lopez.com
37,Stephanie,Stephanie@lucas-morgan.biz
38,Noah,Noah@kelly-garcia.com
39,Melissa,Melissa@stevens-white.com
40,Ashley,Ashley@sullivan.com
41,Susan,Susan@mcmahon.com
42,Bonnie,Bonnie@lopez.com
43,Ashley,Ashley@brown.com
44,Jennifer,Jennifer@escobar.com
45,Samantha,Samantha@harris-jones.net
46,Mike,Mike@white-miller.com
47,Tina,Tina@martin.com
48,Christopher,Christopher@lynch.com
49,Melissa,Melissa@winters-davenport.com
50,Carlos,Carlos@mclaughlin.com
51,Richard,Richard@phillips-bates.org
52,Nicole,Nicole@love-robles.com
53,Ronald,Ronald@williams.org
54,Daniel,Daniel@davenport-fields.com
55,Luis,Luis@jimenez.org
56,Patrick,Patrick@greene-trujillo.com
57,Natasha,Natasha@vasquez-mitchell.net
58,Heather,Heather@berry.info
59,Pamela,Pamela@mendoza-lewis.com
60,Katherine,Katherine@underwood.com
61,Thomas,Thomas@becker.org
62,Kimberly,Kimberly@daniel.com
63,Jack,Jack@lyons.org
64,Ann,Ann@jones-wade.org
65,Ana,Ana@watts-adams.com
66,Kenneth,Kenneth@valentine.biz
67,Tina,Tina@brown.net
68,Ashley,Ashley@hill-moore.com
69,Jody,Jody@baker.com
70,Todd,Todd@dennis.org
71,Janet,Janet@rodriguez.com
72,Sherry,Sherry@turner-rodriguez.com
73,Cynthia,Cynthia@hudson-farley.com
74,Timothy,Timothy@jackson.biz
75,Anthony,Anthony@williams.org
76,Jade,Jade@miller-martin.org
77,Chelsea,Chelsea@hill-perez.org
78,Michael,Michael@davis.com
79,Amanda,Amanda@horton.info
80,Sandra,Sandra@lucero.info
81,Alan,Alan@roberts.com
82,Janice,Janice@duffy.org
83,Gabriel,Gabriel@reynolds.com
84,Thomas,Thomas@fuller.com
85,Alexa,Alexa@lopez.com
86,Amber,Amber@kennedy.com
87,Susan,Susan@wright-sims.com
88,Daniel,Daniel@baker.biz
89,Rhonda,Rhonda@shields.biz
90,Kenneth,Kenneth@miller-morris.org
91,Mark,Mark@patterson.org
92,Richard,Richard@zamora.biz
93,Patrick,Patrick@mcguire.com
94,Bobby,Bobby@martin-maxwell.com
95,Kelsey,Kelsey@rosario-gomez.com
96,Alec,Alec@hogan.com
97,Theresa,Theresa@mclaughlin.org
98,Carl,Carl@brooks.org
