,Number,Name,Email,Date
0,0.0,Stephen,Stephen@johnson-webb.info,1987-11-11
1,1.0,Brittany,Brittany@watson.net,1987-06-11
2,2.0,Luis,Luis@davis.com,1985-04-11
3,3.0,Heather,Heather@lawson.com,1990-11-27
4,4.0,Michelle,Michelle@palmer.com,1982-06-25
5,5.0,Susan,Susan@paul-clark.com,1989-05-15
6,6.0,Ronnie,Ronnie@charles-miller.com,1988-09-11
7,7.0,Karen,Karen@warren-murphy.biz,1990-07-24
8,8.0,Sarah,Sarah@rodriguez.info,1986-01-12
9,9.0,Janet,Janet@brown.com,1989-01-02
10,10.0,Douglas,Douglas@arroyo-tucker.org,1987-02-03
11,11.0,Jessica,Jessica@peters.com,1982-03-26
12,12.0,Thomas,Thomas@nunez.com,1987-02-24
13,13.0,Randall,Randall@parker.biz,1985-08-23
14,14.0,Stanley,Stanley@banks.com,1982-07-15
15,15.0,Cameron,Cameron@hart-young.net,1987-05-27
16,16.0,Rodney,Rodney@white.net,1989-02-22
17,17.0,Dylan,Dylan@kelly-salinas.info,1981-04-01
18,18.0,Sean,Sean@taylor-morrison.com,1983-12-08
19,19.0,Jessica,Jessica@burns.net,1988-09-27
20,20.0,Mary,Mary@atkins.com,1986-12-16
21,21.0,Brandy,Brandy@cross.biz,1980-05-27
22,22.0,Vickie,Vickie@campbell.com,1982-07-04
23,23.0,Kevin,Kevin@lopez.info,1987-12-14
24,24.0,Kim,Kim@lee.com,1989-10-08
25,25.0,Joseph,Joseph@jenkins-holland.com,1983-06-03
26,26.0,Blake,Blake@monroe-johnson.biz,1983-01-05
27,27.0,Sara,Sara@smith.com,1980-11-22
28,28.0,Steven,Steven@howell.com,1986-02-04
29,29.0,Sabrina,Sabrina@bryant-hall.net,1980-12-25
30,30.0,Felicia,Felicia@wright.com,1988-02-13
31,31.0,Alicia,Alicia@patterson.net,1980-05-26
32,32.0,Michael,Michael@miller-khan.org,1989-09-29
33,33.0,Kyle,Kyle@ortega.com,1988-08-01
34,34.0,Roy,Roy@johnson.org,1988-12-13
35,35.0,Andrea,Andrea@johnson-horton.com,1980-05-05
36,36.0,Melissa,Melissa@kelly-hall.biz,1983-04-11
37,37.0,Donna,Donna@richard-hartman.net,1987-07-08
38,38.0,Daniel,Daniel@marshall.biz,1987-12-17
39,39.0,John,John@ramos.info,1982-07-15
40,40.0,Joseph,Joseph@spence.org,1987-12-05
41,41.0,Steven,Steven@ramos.com,1980-05-09
42,42.0,James,James@acevedo-harrell.info,1989-04-17
43,43.0,Jacqueline,Jacqueline@cameron.com,1980-02-05
44,44.0,Patricia,Patricia@hall.org,1984-03-23
45,45.0,Brianna,Brianna@snyder-lee.info,1986-04-27
46,46.0,Chelsea,Chelsea@butler-faulkner.info,1989-07-16
47,47.0,Dennis,Dennis@mata.org,1990-04-24
48,48.0,Alicia,Alicia@bates.com,1986-08-01
49,49.0,Justin,Justin@marshall.biz,1989-12-24
50,50.0,Tyler,Tyler@meza.com,1991-10-08
51,51.0,Laura,Laura@ho.org,1995-12-04
52,52.0,Sean,Sean@klein.com,1992-04-10
53,53.0,Sarah,Sarah@torres-howell.com,1992-04-05
54,54.0,Gregory,Gregory@nunez.net,1996-03-30
55,55.0,Matthew,Matthew@stevens.com,1991-10-04
56,56.0,Dillon,Dillon@anderson.org,1997-01-14
57,57.0,Jose,Jose@fisher.biz,1994-07-21
58,58.0,Wanda,Wanda@conner.com,1999-04-25
59,59.0,Shannon,Shannon@hammond.com,1996-08-19
60,60.0,Lisa,Lisa@dixon-clark.com,1997-01-24
61,61.0,Kathryn,Kathryn@smith.info,1996-06-10
62,62.0,Dorothy,Dorothy@mills-pace.org,1991-05-10
63,63.0,Ariana,Ariana@burns-harris.org,2000-05-16
64,64.0,Courtney,Courtney@rhodes-ross.com,1999-04-01
65,65.0,Brittany,Brittany@bryant.com,1992-01-23
66,66.0,Brandy,Brandy@olsen.info,2000-09-02
67,67.0,Carol,Carol@gomez-anderson.com,1995-04-07
68,68.0,Karen,Karen@rivera-gaines.com,1995-08-30
69,69.0,Jason,Jason@mccoy.org,1996-12-15
70,70.0,Christopher,Christopher@ramirez.com,1992-03-22
71,71.0,Carol,Carol@diaz.com,1999-11-01
72,72.0,Edward,Edward@hamilton.com,1995-05-20
73,73.0,Clarence,Clarence@cross-arnold.com,1993-12-24
74,74.0,Kevin,Kevin@jackson.com,1996-11-24
75,75.0,Nicole,Nicole@may.com,2000-04-09
76,76.0,Haley,Haley@anderson.com,1995-02-26
77,77.0,Alexandra,Alexandra@lopez.info,1992-07-24
78,78.0,Andrea,Andrea@frye.info,1991-05-13
79,79.0,Timothy,Timothy@bennett.org,1992-10-06
80,80.0,Chelsea,Chelsea@hernandez-clayton.com,1997-04-19
81,81.0,Mark,Mark@harding.info,1999-04-10
82,82.0,Betty,Betty@baker.com,1995-06-17
83,83.0,Brianna,Brianna@fitzpatrick.com,1993-09-04
84,84.0,Jennifer,Jennifer@davis.com,1998-09-29
85,85.0,Brian,Brian@kline.org,1993-09-27
86,86.0,Margaret,Margaret@norris.net,1996-01-07
87,87.0,Harold,Harold@flowers.net,1991-02-09
88,88.0,Rebecca,Rebecca@lara-miller.com,2000-03-22
89,89.0,Scott,Scott@carter-harris.com,1999-06-04
90,90.0,Edward,Edward@mitchell.info,1994-07-11
91,91.0,Brenda,Brenda@lawrence.com,1994-12-17
92,92.0,Jennifer,Jennifer@goodman.biz,1995-03-31
93,93.0,Rebecca,Rebecca@martin.com,1992-01-29
94,94.0,Joseph,Joseph@campbell.info,1993-03-16
95,95.0,Kathy,Kathy@perez.com,1992-12-25
96,96.0,Leonard,Leonard@wiley.com,1995-01-15
97,97.0,Matthew,Matthew@rodriguez-garcia.biz,1999-03-12
98,98.0,Robert,Robert@figueroa-parker.net,1999-08-19
99,99.0,Steven,Steven@brown.com,1996-09-23
100,100.0,Heather,Heather@moses.org,1992-03-08
101,101.0,Mary,Mary@jackson.com,1995-06-21
102,102.0,Brett,Brett@mathews-adams.com,1998-10-04
103,103.0,Justin,Justin@becker.biz,1994-11-12
104,104.0,Steven,Steven@hanna.com,1999-09-06
105,105.0,Austin,Austin@hale.net,1994-06-15
106,106.0,Bryan,Bryan@alexander-johnson.com,1999-05-26
107,107.0,Anna,Anna@leblanc-lloyd.info,1994-11-23
108,108.0,Andrew,Andrew@gardner-meyers.com,1992-12-14
109,109.0,Kimberly,Kimberly@weber.com,1992-11-14
110,110.0,Katherine,Katherine@hansen-mccoy.com,1995-06-04
111,111.0,Tiffany,Tiffany@kerr.biz,1998-09-10
112,112.0,Brenda,Brenda@neal.com,1996-06-05
113,113.0,Michelle,Michelle@davis.com,1995-01-09
114,114.0,David,David@craig.com,1995-01-12
115,115.0,Tiffany,Tiffany@marshall-reed.com,1996-04-12
116,116.0,Christopher,Christopher@nguyen-lee.org,1993-06-14
117,117.0,Brett,Brett@kirby-blake.com,1996-01-12
118,118.0,George,George@martin.com,1993-07-15
119,119.0,Tyler,Tyler@hill.com,1991-01-02
120,120.0,Robert,Robert@harmon.com,1995-12-10
121,121.0,Danny,Danny@yoder-duncan.biz,1997-09-12
122,122.0,Cory,Cory@kramer-santos.com,1995-08-12
123,123.0,Diane,Diane@lopez-munoz.net,1999-07-15
124,124.0,Jamie,Jamie@guerrero.com,1997-08-07
125,125.0,Amanda,Amanda@lam.com,1991-10-29
126,126.0,Katherine,Katherine@jones-rivera.net,1991-06-10
127,127.0,Candace,Candace@brown-conrad.com,1999-06-09
128,128.0,Angela,Angela@french.info,1993-03-13
129,129.0,Amanda,Amanda@williams.com,1998-09-22
130,130.0,Katelyn,Katelyn@brown.com,1992-08-24
131,131.0,Amy,Amy@williams.com,1995-04-05
132,132.0,James,James@becker.com,1992-04-22
133,133.0,Crystal,Crystal@duncan-zimmerman.com,1997-01-20
134,134.0,Joseph,Joseph@trujillo-singleton.com,1993-07-11
135,135.0,Rhonda,Rhonda@webster-barron.com,1997-06-08
136,136.0,Samantha,Samantha@sullivan.biz,1998-05-18
137,137.0,Ralph,Ralph@morales-becker.biz,1995-03-05
138,138.0,Kayla,Kayla@cannon.info,1997-02-06
139,139.0,Brittany,Brittany@gamble-campos.com,2000-02-01
140,140.0,James,James@williams.org,1992-04-07
141,141.0,Michael,Michael@bass.com,2000-05-31
142,142.0,Daniel,Daniel@bradshaw-hernandez.org,1992-11-15
143,143.0,Jane,Jane@perkins-lee.net,1994-12-16
144,144.0,Sean,Sean@strong-fox.net,1994-05-09
145,145.0,Tiffany,Tiffany@wagner-bradley.com,1997-09-10
146,146.0,Patricia,Patricia@barrera.com,1999-02-24
147,147.0,Benjamin,Benjamin@madden.com,1996-11-05
148,148.0,Gina,Gina@shannon.com,1998-02-15
149,149.0,Cindy,Cindy@moore-smith.net,1995-06-01
150,150.0,Michael,Michael@young.org,2005-12-29
151,151.0,Brian,Brian@fox.biz,2007-03-16
152,152.0,Kenneth,Kenneth@ramirez.com,2002-03-13
153,153.0,Steven,Steven@calhoun.org,2001-10-11
154,154.0,Curtis,Curtis@morris-cantrell.net,2009-12-24
155,155.0,Danielle,Danielle@bolton.com,2002-01-03
156,156.0,Elizabeth,Elizabeth@moon.com,2006-12-16
157,157.0,Terri,Terri@cordova.info,2010-05-15
158,158.0,Alyssa,Alyssa@stephens-taylor.info,2006-10-03
159,159.0,Amanda,Amanda@yang.biz,2005-04-30
160,160.0,Sophia,Sophia@kelly-craig.com,2009-09-10
161,161.0,Danielle,Danielle@miller.net,2003-09-11
162,162.0,Thomas,Thomas@adams.info,2004-10-09
163,163.0,Billy,Billy@hayes.com,2001-06-29
164,164.0,Christopher,Christopher@murphy.com,2001-06-30
165,165.0,Jamie,Jamie@porter.com,2005-11-10
166,166.0,Haley,Haley@miller.org,2001-05-17
167,167.0,Anthony,Anthony@alvarez.info,2001-12-25
168,168.0,Timothy,Timothy@coleman-davis.com,2003-08-30
169,169.0,April,April@smith.com,2001-06-23
170,170.0,Catherine,Catherine@buchanan-hendricks.com,2002-06-10
171,171.0,Steven,Steven@norton-douglas.com,2008-05-18
172,172.0,James,James@dean-ferguson.com,2006-12-20
173,173.0,Ronald,Ronald@mitchell-mcmillan.com,2002-02-14
174,174.0,Julia,Julia@davis-miller.com,2004-01-31
175,175.0,Alexander,Alexander@perez-knight.com,2001-04-25
176,176.0,Kimberly,Kimberly@walsh.net,2010-03-10
177,177.0,Richard,Richard@krause-abbott.com,2001-03-14
178,178.0,Veronica,Veronica@luna-thomas.com,2005-10-15
179,179.0,Zachary,Zachary@marquez.com,2004-12-24
180,180.0,Eric,Eric@scott-stewart.com,2010-01-22
181,181.0,David,David@mitchell.com,2010-01-11
182,182.0,Michael,Michael@romero-morales.com,2004-06-08
183,183.0,Nathan,Nathan@davis-wallace.com,2007-02-18
184,184.0,Denise,Denise@waters.net,2004-02-14
185,185.0,Mary,Mary@williams.com,2004-01-07
186,186.0,Ann,Ann@roberson.com,2009-09-29
187,187.0,Kiara,Kiara@leonard.com,2001-05-20
188,188.0,Ross,Ross@benson-whitaker.com,2007-03-24
189,189.0,Dawn,Dawn@hernandez.com,2010-09-29
190,190.0,Hannah,Hannah@adams.com,2009-03-26
191,191.0,Marc,Marc@frank.com,2001-11-11
192,192.0,Allison,Allison@martin-gomez.org,2001-04-09
193,193.0,Brent,Brent@johnson.com,2001-12-14
194,194.0,Melissa,Melissa@sawyer-buck.org,2010-12-15
195,195.0,Kenneth,Kenneth@morgan-schroeder.com,2003-11-14
196,196.0,Christina,Christina@tanner.com,2008-09-09
197,197.0,Shawna,Shawna@kaufman-moore.com,2005-05-27
198,198.0,Robert,Robert@garcia-sanchez.com,2005-03-05
199,199.0,Todd,Todd@smith.com,2006-10-14
200,200.0,Lisa,Lisa@davis.com,2008-03-15
201,201.0,Patrick,Patrick@bowman.com,2006-04-15
202,202.0,Jennifer,Jennifer@burns.org,2009-09-26
203,203.0,Mark,Mark@davis.com,2002-01-12
204,204.0,Ellen,Ellen@russell.biz,2005-09-27
205,205.0,Ricardo,Ricardo@haynes-hill.com,2006-10-05
206,206.0,Jason,Jason@garcia.com,2006-09-19
207,207.0,Michael,Michael@cohen.com,2010-03-30
208,208.0,Ryan,Ryan@morales-oconnor.org,2009-01-22
209,209.0,Alec,Alec@acosta.info,2008-05-21
210,210.0,Larry,Larry@evans.net,2006-06-20
211,211.0,William,William@flores.com,2009-10-10
212,212.0,Dylan,Dylan@harvey.org,2006-08-13
213,213.0,Nicholas,Nicholas@hernandez-haynes.net,2008-07-15
214,214.0,Dana,Dana@thompson.com,2004-05-11
215,215.0,Patricia,Patricia@gonzalez.com,2007-11-08
216,216.0,Angela,Angela@booth-lewis.com,2003-02-23
217,217.0,Mary,Mary@irwin-norman.com,2003-10-31
218,218.0,Christopher,Christopher@carrillo.info,2003-08-11
219,219.0,Andrew,Andrew@flowers-brown.biz,2010-12-01
220,220.0,Anthony,Anthony@king.info,2008-07-04
221,221.0,Melissa,Melissa@lewis.biz,2002-04-11
222,222.0,Michelle,Michelle@adams.com,2003-11-02
223,223.0,Robert,Robert@lane-miller.com,2002-03-13
224,224.0,John,John@richards-harris.com,2009-01-01
225,225.0,Andrew,Andrew@wilson.net,2008-01-01
226,226.0,John,John@carson.biz,2001-10-03
227,227.0,John,John@ochoa.org,2005-03-31
228,228.0,Amy,Amy@decker.biz,2004-08-02
229,229.0,Hannah,Hannah@jones.info,2001-11-08
230,230.0,Tina,Tina@williams-branch.biz,2004-04-17
231,231.0,Matthew,Matthew@willis.com,2001-04-10
232,232.0,Stephen,Stephen@walsh-knight.info,2010-01-18
233,233.0,Willie,Willie@hurley.info,2007-03-10
234,234.0,Daniel,Daniel@williams-watts.biz,2010-07-02
235,235.0,Abigail,Abigail@conway.com,2007-05-02
236,236.0,Sherry,Sherry@bradley.biz,2003-10-24
237,237.0,Wesley,Wesley@mosley.net,2010-12-10
238,238.0,Jeffrey,Jeffrey@smith.biz,2003-10-09
239,239.0,Cynthia,Cynthia@schultz.com,2007-04-21
240,240.0,Alan,Alan@compton.com,2006-08-24
241,241.0,Andrew,Andrew@wright-banks.org,2004-07-21
242,242.0,Jonathan,Jonathan@armstrong.org,2004-12-27
243,243.0,Vanessa,Vanessa@huerta.com,2010-09-18
244,244.0,William,William@phillips.com,2002-02-07
245,245.0,Melissa,Melissa@rivera.biz,2009-05-17
246,246.0,Jacqueline,Jacqueline@gates.com,2002-01-11
247,247.0,Luis,Luis@higgins.org,2002-05-29
248,248.0,William,William@michael.org,2007-03-03
249,249.0,Steven,Steven@burns-henson.com,2006-06-26
250,250.0,George,George@hunter-burgess.net,2010-08-22
251,251.0,Larry,Larry@cabrera.com,2010-10-19
252,252.0,Nancy,Nancy@adkins-wheeler.com,2004-03-22
253,253.0,Tyler,Tyler@long.biz,2010-09-07
254,254.0,Tiffany,Tiffany@hart.biz,2010-01-07
255,255.0,Charles,Charles@thompson.com,2002-04-13
256,256.0,Mark,Mark@mills-burton.com,2007-11-03
257,257.0,Sandra,Sandra@shah.info,2003-12-08
258,258.0,Jacqueline,Jacqueline@little.net,2001-11-02
259,259.0,Brooke,Brooke@jones.com,2007-06-23
260,260.0,Jeffrey,Jeffrey@edwards-riley.com,2003-04-01
261,261.0,Madeline,Madeline@myers-esparza.com,2002-03-22
262,262.0,William,William@ferrell.com,2005-01-27
263,263.0,Evelyn,Evelyn@henry.com,2001-03-03
264,264.0,Randy,Randy@ferrell.com,2005-03-01
265,265.0,Troy,Troy@white.com,2004-03-10
266,266.0,Michelle,Michelle@williams.biz,2005-01-15
267,267.0,Steven,Steven@sanchez-hanson.net,2001-07-16
268,268.0,Amanda,Amanda@bautista-rice.info,2004-05-01
269,269.0,Theresa,Theresa@fox-powers.biz,2009-06-17
270,270.0,Carolyn,Carolyn@woodward-caldwell.com,2009-09-27
271,271.0,Marie,Marie@mitchell.com,2009-05-14
272,272.0,Laurie,Laurie@rodriguez.org,2003-01-20
273,273.0,Janice,Janice@garcia-lewis.com,2007-10-29
274,274.0,Tim,Tim@johnson.info,2002-01-20
275,275.0,Elizabeth,Elizabeth@aguilar.com,2007-04-05
276,276.0,Michele,Michele@carlson.biz,2005-07-29
277,277.0,Timothy,Timothy@wells-smith.com,2008-09-22
278,278.0,Kelsey,Kelsey@bradford-green.info,2009-01-21
279,279.0,William,William@tucker.biz,2008-06-27
280,280.0,Patrick,Patrick@dixon.com,2006-09-05
281,281.0,Christopher,Christopher@faulkner.info,2006-05-31
282,282.0,Kaitlyn,Kaitlyn@martin.com,2009-12-21
283,283.0,Lori,Lori@perez.com,2001-10-21
284,284.0,Sean,Sean@martinez-brown.com,2007-08-29
285,285.0,Garrett,Garrett@garcia.biz,2005-02-13
286,286.0,Julia,Julia@atkinson-adams.org,2009-05-03
287,287.0,Miguel,Miguel@henderson.com,2001-10-28
288,288.0,Jessica,Jessica@whitehead.com,2008-08-17
289,289.0,Eric,Eric@ibarra.com,2004-05-15
290,290.0,Jennifer,Jennifer@brady.com,2001-02-21
291,291.0,Jeremiah,Jeremiah@hensley.com,2010-06-27
292,292.0,Patricia,Patricia@wolf.com,2008-04-01
293,293.0,Katherine,Katherine@olson.com,2009-04-03
294,294.0,Stanley,Stanley@jones.net,2003-02-16
295,295.0,Robin,Robin@davis.com,2006-03-20
296,296.0,Alexander,Alexander@carr.com,2009-12-08
297,297.0,Andrea,Andrea@dalton-donovan.com,2009-02-02
298,298.0,Kenneth,Kenneth@holden.com,2001-05-21
299,299.0,Brian,Brian@lewis.com,2009-05-22
300,300.0,Richard,Richard@coleman.biz,2011-11-23
301,301.0,Kristine,Kristine@mcfarland-williams.info,2019-10-25
302,302.0,April,April@gonzalez.info,2021-10-12
303,303.0,Dustin,Dustin@garcia.biz,2021-02-01
304,304.0,Johnny,Johnny@moran.com,2012-09-03
305,305.0,Melissa,Melissa@ray-garrett.com,2017-06-08
306,306.0,Dakota,Dakota@shepherd.com,2021-05-04
307,307.0,James,James@johnson-rodriguez.com,2014-01-16
308,308.0,Michael,Michael@elliott-wheeler.com,2011-08-16
309,309.0,Jennifer,Jennifer@fields.com,2012-04-23
310,310.0,Kristen,Kristen@beck-middleton.org,2014-09-08
311,311.0,Stephanie,Stephanie@green.com,2019-04-18
312,312.0,Cheryl,Cheryl@spencer-cantrell.com,2012-02-10
313,313.0,John,John@knox-baker.com,2016-09-03
314,314.0,Danielle,Danielle@park-snyder.info,2013-08-03
315,315.0,James,James@armstrong.biz,2016-08-13
316,316.0,Sylvia,Sylvia@french-huerta.org,2011-05-16
317,317.0,Jared,Jared@jones-sharp.biz,2015-05-24
318,318.0,Brett,Brett@jones.com,2011-10-08
319,319.0,Kayla,Kayla@lopez.net,2016-09-21
320,320.0,Patricia,Patricia@morales-robles.org,2011-10-05
321,321.0,Randall,Randall@johnson-peterson.com,2020-02-22
322,322.0,Michael,Michael@stuart-gonzalez.biz,2017-11-05
323,323.0,Renee,Renee@pearson.biz,2016-12-12
324,324.0,Shane,Shane@romero-stokes.biz,2018-12-15
325,325.0,Chelsey,Chelsey@sanchez.com,2019-03-20
326,326.0,John,John@burch.info,2016-01-26
327,327.0,Don,Don@simmons-hernandez.com,2013-09-09
328,328.0,Dana,Dana@williams.com,2015-11-14
329,329.0,Crystal,Crystal@pierce.info,2018-11-13
330,330.0,Charles,Charles@brown.info,2020-10-03
331,331.0,Shannon,Shannon@lewis-lewis.net,2019-10-30
332,332.0,Stephen,Stephen@wade.com,2013-03-19
333,333.0,Wayne,Wayne@roberts-evans.net,2015-06-21
334,334.0,Krystal,Krystal@green.info,2012-08-16
335,335.0,Melissa,Melissa@smith-waters.biz,2021-02-14
336,336.0,Andrea,Andrea@harrison.com,2011-09-22
337,337.0,Beth,Beth@taylor-curtis.com,2013-11-01
338,338.0,Craig,Craig@harris.com,2018-05-14
339,339.0,David,David@nichols-johnson.biz,2020-05-15
340,340.0,Carrie,Carrie@garrett-mosley.com,2016-11-28
341,341.0,Christopher,Christopher@lewis-mitchell.org,2015-01-11
342,342.0,Matthew,Matthew@cruz.com,2016-05-18
343,343.0,Michael,Michael@brown.com,2019-05-28
344,344.0,Andrew,Andrew@benson-ramirez.com,2011-07-31
345,345.0,David,David@tucker.info,2015-12-19
346,346.0,Jason,Jason@donovan.com,2011-05-08
347,347.0,Jimmy,Jimmy@fields.com,2019-07-18
348,348.0,Barbara,Barbara@carlson-meyers.info,2015-03-08
349,349.0,Brianna,Brianna@guzman.info,2020-02-19
350,350.0,Jonathan,Jonathan@vaughan.info,2020-02-17
351,351.0,Kyle,Kyle@baker-summers.com,2015-12-31
352,352.0,Brittany,Brittany@berry-martin.com,2014-08-08
353,353.0,Nancy,Nancy@banks-brown.com,2013-06-28
354,354.0,Robert,Robert@thompson.com,2014-05-23
355,355.0,Emily,Emily@hampton.com,2016-05-25
356,356.0,Courtney,Courtney@ballard-james.info,2012-10-01
357,357.0,Andrea,Andrea@conrad-fisher.net,2015-11-20
358,358.0,Benjamin,Benjamin@welch.com,2015-09-14
359,359.0,Miranda,Miranda@gonzalez.com,2011-12-14
360,360.0,Dennis,Dennis@brown.net,2014-07-09
361,361.0,Dana,Dana@saunders-roberts.com,2012-03-15
362,362.0,Brent,Brent@banks.com,2017-12-31
363,363.0,Jake,Jake@garcia.com,2014-11-06
364,364.0,Kelly,Kelly@day-johnson.net,2014-10-03
365,365.0,James,James@perkins.com,2018-01-13
366,366.0,Patricia,Patricia@schneider-miller.com,2012-12-26
367,367.0,Bethany,Bethany@harris-lee.info,2018-06-10
368,368.0,Amanda,Amanda@robinson-johnson.com,2014-10-23
369,369.0,Jonathan,Jonathan@benson.com,2013-03-13
370,370.0,Jacqueline,Jacqueline@reed.org,2015-03-12
371,371.0,Barbara,Barbara@thomas-jensen.com,2012-11-22
372,372.0,Jorge,Jorge@warren.com,2018-07-28
373,373.0,Thomas,Thomas@bush.com,2014-06-07
374,374.0,Rodney,Rodney@dickerson-patel.biz,2013-07-19
375,375.0,Stephanie,Stephanie@allen.net,2015-04-03
376,376.0,Ralph,Ralph@johnson.com,2011-09-19
377,377.0,Lori,Lori@warner-young.com,2016-06-21
378,378.0,Ronald,Ronald@campbell.info,2014-02-05
379,379.0,Justin,Justin@bell.org,2021-09-24
380,380.0,Renee,Renee@henderson.com,2011-10-23
381,381.0,Michael,Michael@powell-perez.com,2018-12-31
382,382.0,Lisa,Lisa@peterson.com,2012-02-16
383,383.0,Maria,Maria@melton-gutierrez.com,2019-06-29
384,384.0,Rachel,Rachel@montgomery.com,2019-09-22
385,385.0,Hannah,Hannah@cruz.biz,2013-05-19
386,386.0,Denise,Denise@carpenter.com,2021-04-23
387,387.0,Daniel,Daniel@mason.com,2013-04-16
388,388.0,John,John@larson.net,2013-01-30
389,389.0,Courtney,Courtney@garcia-munoz.com,2015-03-11
390,390.0,Andrew,Andrew@calderon.com,2019-12-29
391,391.0,Gina,Gina@woodward-franklin.com,2017-08-07
392,392.0,Danny,Danny@bailey.com,2011-12-25
393,393.0,Edward,Edward@phelps-nguyen.com,2021-05-27
394,394.0,Donald,Donald@vega.net,2020-11-17
395,395.0,George,George@romero-thomas.org,2017-03-01
396,396.0,Julie,Julie@estes.com,2019-04-21
397,397.0,Jamie,Jamie@russell.com,2012-11-06
398,398.0,Julie,Julie@zamora-thompson.info,2020-05-10
399,399.0,John,John@hill-schneider.net,2012-10-08
400,400.0,Matthew,Matthew@carr.com,2021-07-01
401,401.0,Shawn,Shawn@brooks.info,2020-01-14
402,402.0,Albert,Albert@adams-baker.net,2021-12-30
403,403.0,Bonnie,Bonnie@wolfe.com,2019-01-07
404,404.0,Cynthia,Cynthia@valencia.info,2017-07-16
405,405.0,Austin,Austin@petersen-smith.com,2017-01-09
406,406.0,Emily,Emily@thompson.com,2017-09-28
407,407.0,Andrea,Andrea@bailey-barker.info,2017-02-14
408,408.0,Ashley,Ashley@patrick.info,2012-09-08
409,409.0,Cindy,Cindy@thompson-kim.com,2014-09-08
410,410.0,Curtis,Curtis@mueller.biz,2016-06-19
411,411.0,Erin,Erin@stout.com,2014-11-11
412,412.0,Barry,Barry@taylor.com,2015-04-12
413,413.0,Robin,Robin@hull.com,2017-05-03
414,414.0,Cathy,Cathy@miranda.com,2013-05-09
415,415.0,Brian,Brian@mclaughlin.com,2011-12-23
416,416.0,Steven,Steven@carter-stewart.com,2012-07-31
417,417.0,Mark,Mark@baird-baird.net,2020-08-12
418,418.0,Alicia,Alicia@kennedy.info,2019-02-24
419,419.0,Robert,Robert@lee.biz,2020-04-01
420,420.0,Drew,Drew@campbell-wright.com,2020-08-10
421,421.0,Robert,Robert@oconnor-dominguez.biz,2015-02-04
422,422.0,Lisa,Lisa@garcia.com,2017-05-02
423,423.0,Colton,Colton@davis.com,2017-02-16
424,424.0,Johnny,Johnny@smith.com,2012-05-20
425,425.0,Katherine,Katherine@johnson.biz,2012-03-08
426,426.0,Jeffrey,Jeffrey@moore-beasley.com,2012-12-30
427,427.0,Robert,Robert@davis.com,2019-03-18
428,428.0,Ryan,Ryan@mueller.com,2011-08-07
429,429.0,Meghan,Meghan@reyes-roth.net,2019-12-09
430,430.0,Daniel,Daniel@smith.com,2016-05-04
431,431.0,Jennifer,Jennifer@bird-reynolds.info,2013-05-10
432,432.0,George,George@osborne.com,2015-10-21
433,433.0,Tina,Tina@davis.info,2021-05-14
434,434.0,John,John@hess-salazar.com,2020-05-02
435,435.0,Haley,Haley@williams.org,2021-10-11
436,436.0,Nicole,Nicole@mills-roberts.net,2013-10-25
437,437.0,Andrea,Andrea@cervantes-barker.com,2020-10-15
438,438.0,Teresa,Teresa@richardson-nelson.org,2018-07-23
439,439.0,Jo,Jo@wilkerson.com,2011-07-08
440,440.0,Mike,Mike@dixon.com,2021-03-09
441,441.0,Shelby,Shelby@combs-garcia.info,2020-08-29
442,442.0,Stacie,Stacie@bradley.biz,2018-02-24
443,443.0,John,John@vasquez.net,2015-03-02
444,444.0,Michelle,Michelle@richardson.com,2017-04-18
445,445.0,William,William@cox-ortiz.com,2012-06-01
446,446.0,Henry,Henry@johnson.net,2016-12-23
447,447.0,Marcus,Marcus@gilbert.com,2012-03-20
448,448.0,Scott,Scott@jackson.com,2019-06-13
449,,,,2015-08-12
